{
  "final_return_ma": 64.0,
  "strength": 42.13999938964844,
  "max_strength": 152.13999938964844,
  "final_strength": -12.860000610351562,
  "sample_efficiency": 0.00011186784831807017,
  "training_efficiency": 2.806060592774884e-06,
  "stability": -0.18466401100158691
}