{
  "final_return_ma": 60.33333206176758,
  "strength": 38.473331451416016,
  "max_strength": 140.13999938964844,
  "final_strength": -11.860000610351562,
  "sample_efficiency": 0.00011242130130995065,
  "training_efficiency": 2.8199624466651585e-06,
  "stability": -0.20207417011260986
}