{
  "final_return_ma": 45.666666984558105,
  "strength": 23.806665897369385,
  "max_strength": 96.38999938964844,
  "final_strength": -12.110000610351562,
  "sample_efficiency": 0.00012049169890815392,
  "training_efficiency": 3.0226334502003738e-06,
  "stability": -0.31025487184524536,
  "consistency": 0.7384778994317158
}