{
  "final_return_ma": 41.66666793823242,
  "strength": 19.806665420532227,
  "max_strength": 85.13999938964844,
  "final_strength": -13.860000610351562,
  "sample_efficiency": 0.0001255301176570356,
  "training_efficiency": 3.1491451863985276e-06,
  "stability": -0.35098254680633545
}