{
  "final_return_ma": 72.0,
  "strength": 50.13999938964844,
  "max_strength": 176.13999938964844,
  "final_strength": -13.860000610351562,
  "sample_efficiency": 0.00011008510045940056,
  "training_efficiency": 2.7612854864855763e-06,
  "stability": -0.1565619707107544
}