{
  "final_return_ma": 58.0,
  "strength": 36.13999938964844,
  "max_strength": 133.13999938964844,
  "final_strength": -11.860000610351562,
  "sample_efficiency": 0.00011322327191010118,
  "training_efficiency": 2.8401025247148937e-06,
  "stability": -0.21383440494537354
}