{
  "final_return_ma": 72.33333587646484,
  "strength": 50.473331451416016,
  "max_strength": 178.13999938964844,
  "final_strength": -13.860000610351562,
  "sample_efficiency": 0.00011034870112780482,
  "training_efficiency": 2.7679077447828604e-06,
  "stability": -0.16166508197784424
}