{
  "final_return_ma": 164.89999389648438,
  "strength": 143.04000854492188,
  "max_strength": 178.13999938964844,
  "final_strength": 178.13999938964844,
  "sample_efficiency": 2.567733645264525e-05,
  "training_efficiency": 0.0005716591840609908,
  "stability": 0.873828113079071
}