{
  "final_return_ma": 198.89999389648438,
  "strength": 177.04000854492188,
  "max_strength": 178.13999938964844,
  "final_strength": 178.13999938964844,
  "sample_efficiency": 2.8850337912444957e-05,
  "training_efficiency": 0.0006205691606737673,
  "stability": 1.0
}