{
  "final_return_ma": 170.1999969482422,
  "strength": 148.33999633789062,
  "max_strength": 178.13999938964844,
  "final_strength": 178.13999938964844,
  "sample_efficiency": 2.6095436624018475e-05,
  "training_efficiency": 0.000517894746735692,
  "stability": 0.8383463770151138
}