{
  "final_return_ma": 152.3000030517578,
  "strength": 130.44000244140625,
  "max_strength": 178.13999938964844,
  "final_strength": 178.13999938964844,
  "sample_efficiency": 2.5368390197400004e-05,
  "training_efficiency": 0.0004672268405556679,
  "stability": 0.8765826746821404
}