{
  "final_return_ma": 92.19999694824219,
  "strength": 70.34000396728516,
  "max_strength": 171.13999938964844,
  "final_strength": 130.13999938964844,
  "sample_efficiency": 0.0011488209711387753,
  "training_efficiency": 2.7927966584684327e-05,
  "stability": 0.9180127680301666
}