{
  "final_return_ma": 30.299999237060547,
  "strength": 8.4399995803833,
  "max_strength": 115.13999938964844,
  "final_strength": -0.8600006103515625,
  "sample_efficiency": 1.7506104086351115e-06,
  "training_efficiency": 1.4588399608328473e-06,
  "stability": -0.5599343776702881
}