{
  "final_return_ma": 181.60000610351562,
  "strength": 159.74000549316406,
  "max_strength": 178.13999938964844,
  "final_strength": 178.13999938964844,
  "sample_efficiency": 2.1144758648006245e-05,
  "training_efficiency": 1.7620634025661275e-05,
  "stability": 1.0
}