{
  "final_return_ma": 84.19999694824219,
  "strength": 62.340003967285156,
  "max_strength": 178.13999938964844,
  "final_strength": 178.13999938964844,
  "sample_efficiency": 1.2932874597026967e-05,
  "training_efficiency": 1.0777395800687373e-05,
  "stability": 0.8674931526184082
}