{
  "final_return_ma": 143.850004196167,
  "strength": 121.99000358581543,
  "max_strength": 178.13999938964844,
  "final_strength": 131.13999938964844,
  "sample_efficiency": 1.9669486391649116e-05,
  "training_efficiency": 1.6391239114454947e-05,
  "stability": 0.8139376379549503,
  "consistency": -0.0031704858626491195
}