{
  "final_return_ma": 32.70000076293945,
  "strength": 10.839999198913574,
  "max_strength": 45.13999938964844,
  "final_strength": 14.139999389648438,
  "sample_efficiency": 3.964093411923386e-05,
  "training_efficiency": 3.303410630906001e-05,
  "stability": -0.6868237257003784
}