{
  "final_return_ma": 109.19999694824219,
  "strength": 87.34000396728516,
  "max_strength": 178.13999938964844,
  "final_strength": 178.13999938964844,
  "sample_efficiency": 1.4596820619772188e-05,
  "training_efficiency": 1.216401687997859e-05,
  "stability": 0.720967710018158
}