{
  "final_return_ma": 23.800000190734863,
  "strength": 1.939999371767044,
  "max_strength": 21.889999389648438,
  "final_strength": -3.8600006103515625,
  "sample_efficiency": 6.526239440063364e-05,
  "training_efficiency": 5.438532798507367e-05,
  "stability": -0.7149246707558632,
  "consistency": -9.600738714391559
}