{
  "final_return_ma": 22.600000381469727,
  "strength": 0.7399994134902954,
  "max_strength": 52.13999938964844,
  "final_strength": -6.8600006103515625,
  "sample_efficiency": 0.0005557186668738723,
  "training_efficiency": 0.00046309889876283705,
  "stability": -5.171110153198242
}