{
  "final_return_ma": 18.399999618530273,
  "strength": -3.460000514984131,
  "max_strength": 23.139999389648438,
  "final_strength": -4.8600006103515625,
  "sample_efficiency": 2.0923551346641034e-05,
  "training_efficiency": 1.7436292182537727e-05,
  "stability": -0.5131133794784546
}