{
  "final_return_ma": 19.90000009536743,
  "strength": -1.9600005745887756,
  "max_strength": 16.639999389648438,
  "final_strength": -3.6100006103515625,
  "sample_efficiency": 4.186920932625071e-05,
  "training_efficiency": 3.489100731712824e-05,
  "stability": -37.23603242635727,
  "consistency": 7.8742045580168565
}