{
  "final_return_ma": 18.700000762939453,
  "strength": -3.1600005626678467,
  "max_strength": 22.139999389648438,
  "final_strength": -7.8600006103515625,
  "sample_efficiency": -3.8796370063209906e-05,
  "training_efficiency": -3.2330313842976466e-05,
  "stability": -0.6427966356277466
}