{
  "final_return_ma": 129.5,
  "strength": 107.63999938964844,
  "max_strength": 178.13999938964844,
  "final_strength": 6.1399993896484375,
  "sample_efficiency": 2.2155616534291767e-05,
  "training_efficiency": 0.00011821320367744192,
  "stability": 0.6150468289852142
}