{
  "final_return_ma": 37.400001525878906,
  "strength": 15.539999008178711,
  "max_strength": 52.13999938964844,
  "final_strength": 52.13999938964844,
  "sample_efficiency": 3.7435478589031845e-05,
  "training_efficiency": 3.119623943348415e-05,
  "stability": 0.205888032913208
}