{
  "final_return_ma": 48.0,
  "strength": 26.139999389648438,
  "max_strength": 103.13999938964844,
  "final_strength": -11.860000610351562,
  "sample_efficiency": 0.00011828190326923504,
  "training_efficiency": 2.9671398351638345e-06,
  "stability": -0.2848914861679077
}