{
  "final_return_ma": 34.33333206176758,
  "strength": 12.473332405090332,
  "max_strength": 63.13999938964844,
  "final_strength": -12.860000610351562,
  "sample_efficiency": 0.000140094431117177,
  "training_efficiency": 3.5149082577845547e-06,
  "stability": -0.5115354061126709
}