{
  "final_return_ma": 11.0,
  "strength": -10.860000610351562,
  "max_strength": -7.8600006103515625,
  "final_strength": -11.860000610351562,
  "sample_efficiency": 5.5995496950345114e-05,
  "training_efficiency": 1.4029383237357251e-06,
  "stability": 0.7586872726678848
}