{
  "final_return_ma": 46.66666793823242,
  "strength": 24.806665420532227,
  "max_strength": 99.13999938964844,
  "final_strength": -11.860000610351562,
  "sample_efficiency": 0.00011926452862098813,
  "training_efficiency": 2.991816927533364e-06,
  "stability": -0.2980992794036865
}