{
  "final_return_ma": 109.75,
  "strength": 87.88999938964844,
  "max_strength": 178.13999938964844,
  "final_strength": 88.13999938964844,
  "sample_efficiency": 0.0002662111655808985,
  "training_efficiency": 6.733064310537884e-06,
  "stability": 0.6909550428390503
}