{
  "final_return_ma": 62.5,
  "strength": 40.6400032043457,
  "max_strength": 116.13999938964844,
  "final_strength": 20.139999389648438,
  "sample_efficiency": 0.00031342069269157946,
  "training_efficiency": 7.938059752632398e-06,
  "stability": 0.6278353929519653
}