{
  "final_return_ma": 89.41250038146973,
  "strength": 67.55250263214111,
  "max_strength": 149.63999938964844,
  "final_strength": 73.38999938964844,
  "sample_efficiency": 0.0003463257453404367,
  "training_efficiency": 8.86984969383775e-06,
  "stability": 0.7376991547644138,
  "consistency": -0.2726092317155655
}