{
  "final_return_ma": 95.9000015258789,
  "strength": 74.04000091552734,
  "max_strength": 178.13999938964844,
  "final_strength": 97.13999938964844,
  "sample_efficiency": 0.0002674061106517911,
  "training_efficiency": 6.811699222453171e-06,
  "stability": 0.7817382961511612
}