{
  "final_return_ma": 98.19999694824219,
  "strength": 76.34000396728516,
  "max_strength": 178.13999938964844,
  "final_strength": 81.13999938964844,
  "sample_efficiency": 0.0002730026899371296,
  "training_efficiency": 6.955198387004202e-06,
  "stability": 0.7475201785564423
}