{
  "final_return_ma": 127.95000076293945,
  "strength": 106.08999252319336,
  "max_strength": 166.88999938964844,
  "final_strength": 120.63999938964844,
  "sample_efficiency": 0.0002907467496697791,
  "training_efficiency": 7.422612611662771e-06,
  "stability": 0.8585200794041157,
  "consistency": 0.18940435695158142
}