{
  "final_return_ma": 133.0500030517578,
  "strength": 111.18998718261719,
  "max_strength": 133.13999938964844,
  "final_strength": 130.13999938964844,
  "sample_efficiency": 0.00025913503486663103,
  "training_efficiency": 6.591712008230388e-06,
  "stability": 0.966088093817234
}