{
  "final_return_ma": 66.6500015258789,
  "strength": 44.790000915527344,
  "max_strength": 101.13999938964844,
  "final_strength": 69.13999938964844,
  "sample_efficiency": 0.00017658204887993634,
  "training_efficiency": 4.447644187166588e-06,
  "stability": 0.7858853787183762
}