{
  "final_return_ma": 98.5999984741211,
  "strength": 76.74000549316406,
  "max_strength": 178.13999938964844,
  "final_strength": 178.13999938964844,
  "sample_efficiency": 0.00017253984697163105,
  "training_efficiency": 4.343075033830246e-06,
  "stability": 0.8533162325620651
}