{
  "final_return_ma": 151.1999969482422,
  "strength": 129.33998107910156,
  "max_strength": 178.13999938964844,
  "final_strength": 178.13999938964844,
  "sample_efficiency": 0.00020231852249708027,
  "training_efficiency": 5.110252004669746e-06,
  "stability": 0.8991140127182007
}