{
  "final_return_ma": 77.55000305175781,
  "strength": 55.69000244140625,
  "max_strength": 178.13999938964844,
  "final_strength": 50.13999938964844,
  "sample_efficiency": 0.00050748186185956,
  "training_efficiency": 1.3280927305459045e-05,
  "stability": 0.5816332399845123
}