{
  "final_return_ma": 138.0500030517578,
  "strength": 116.18998718261719,
  "max_strength": 178.13999938964844,
  "final_strength": 141.13999938964844,
  "sample_efficiency": 0.0003160644555464387,
  "training_efficiency": 8.089052244031336e-06,
  "stability": 0.7993274182081223
}