{
  "final_return_ma": 10.399999618530273,
  "strength": -11.460000991821289,
  "max_strength": -10.860000610351562,
  "final_strength": -12.860000610351562,
  "sample_efficiency": 0.000285609217826277,
  "training_efficiency": 7.261905011546332e-06,
  "stability": 0.960684098303318
}