{
  "final_return_ma": 10.600000381469727,
  "strength": -11.260000228881836,
  "max_strength": -10.860000610351562,
  "final_strength": -10.860000610351562,
  "sample_efficiency": 0.0002900513936765492,
  "training_efficiency": 7.375409495580243e-06,
  "stability": 0.980342049151659
}