{
  "final_return_ma": 9.0,
  "strength": -12.860000610351562,
  "max_strength": -11.860000610351562,
  "final_strength": -12.860000610351562,
  "sample_efficiency": 0.00029808084946125746,
  "training_efficiency": 7.584887953271391e-06,
  "stability": 0.9913599453866482
}