{
  "final_return_ma": 9.300000190734863,
  "strength": -12.5600004196167,
  "max_strength": -10.860000610351562,
  "final_strength": -13.860000610351562,
  "sample_efficiency": 0.00028133741579949856,
  "training_efficiency": 7.150278634071583e-06,
  "stability": 0.9373545795679092
}