{
  "final_return_ma": 162.60000610351562,
  "strength": 140.74000549316406,
  "max_strength": 178.13999938964844,
  "final_strength": 178.13999938964844,
  "sample_efficiency": 2.1315541744115762e-05,
  "training_efficiency": 1.7762953575584106e-05,
  "stability": 0.8454354703426361
}