{
  "final_return_ma": 175.89999389648438,
  "strength": 154.04000854492188,
  "max_strength": 178.13999938964844,
  "final_strength": 178.13999938964844,
  "sample_efficiency": 2.2206699213711545e-05,
  "training_efficiency": 1.8505581465433352e-05,
  "stability": 0.9478807263076305
}