{
  "final_return_ma": 10.0,
  "strength": -11.860000610351562,
  "max_strength": -11.860000610351562,
  "final_strength": -11.860000610351562,
  "sample_efficiency": 0.0002928967878688127,
  "training_efficiency": 7.449558779626386e-06,
  "stability": 1.0
}