{
  "final_return_ma": 85.9000015258789,
  "strength": 64.04000091552734,
  "max_strength": 126.13999938964844,
  "final_strength": 80.13999938964844,
  "sample_efficiency": 0.0004572965553961694,
  "training_efficiency": 1.1883172192028724e-05,
  "stability": 0.6935019195079803
}