{
  "final_return_ma": 126.3499984741211,
  "strength": 104.49000549316406,
  "max_strength": 178.13999938964844,
  "final_strength": 126.13999938964844,
  "sample_efficiency": 0.00033783138496801257,
  "training_efficiency": 8.700568287167698e-06,
  "stability": 0.8849087953567505
}