{
  "final_return_ma": 106.94999694824219,
  "strength": 85.09000396728516,
  "max_strength": 135.13999938964844,
  "final_strength": 117.13999938964844,
  "sample_efficiency": 0.00035651196958497167,
  "training_efficiency": 9.215629688696936e-06,
  "stability": 0.7627251297235489
}