{
  "final_return_ma": 113.3499984741211,
  "strength": 91.49000549316406,
  "max_strength": 178.13999938964844,
  "final_strength": 96.13999938964844,
  "sample_efficiency": 0.0003471796226222068,
  "training_efficiency": 8.846467608236708e-06,
  "stability": 0.8477210104465485
}