{
  "final_return_ma": 65.30000305175781,
  "strength": 43.44000244140625,
  "max_strength": 91.13999938964844,
  "final_strength": 48.13999938964844,
  "sample_efficiency": 0.00040992998401634395,
  "training_efficiency": 1.0610870049276855e-05,
  "stability": 0.6539371013641357
}