{
  "final_return_ma": 88.44999694824219,
  "strength": 66.59000396728516,
  "max_strength": 122.13999938964844,
  "final_strength": 22.139999389648438,
  "sample_efficiency": 0.0002691062691155821,
  "training_efficiency": 6.837583441665629e-06,
  "stability": 0.815982773900032
}