{
  "final_return_ma": 142.5,
  "strength": 120.6399917602539,
  "max_strength": 178.13999938964844,
  "final_strength": 130.13999938964844,
  "sample_efficiency": 0.000314784818328917,
  "training_efficiency": 8.054487807385158e-06,
  "stability": 0.9211446270346642
}