{
  "final_return_ma": 19.799999237060547,
  "strength": -2.0600006580352783,
  "max_strength": 13.139999389648438,
  "final_strength": 13.139999389648438,
  "sample_efficiency": 0.005292929708957672,
  "training_efficiency": 0.00017970446788240224,
  "stability": 0.436870276927948
}