{
  "final_return_ma": 24.100000381469727,
  "strength": 2.239999294281006,
  "max_strength": 41.13999938964844,
  "final_strength": 0.1399993896484375,
  "sample_efficiency": 0.014858162961900234,
  "training_efficiency": 0.0005107006290927529,
  "stability": -1.740342140197754
}