{
  "final_return_ma": 112.75,
  "strength": 90.88999938964844,
  "max_strength": 148.13999938964844,
  "final_strength": 109.13999938964844,
  "sample_efficiency": 0.00037347583565860987,
  "training_efficiency": 9.689808393886779e-06,
  "stability": 0.8238385617733002
}