{
  "final_return_ma": 24.200000762939453,
  "strength": 2.3399994373321533,
  "max_strength": 30.139999389648438,
  "final_strength": 6.1399993896484375,
  "sample_efficiency": 0.0007852286798879504,
  "training_efficiency": 1.401516237820033e-05,
  "stability": -2.7659339904785156
}