{
  "final_return_ma": 24.0,
  "strength": 2.1399993896484375,
  "max_strength": 39.13999938964844,
  "final_strength": -7.8600006103515625,
  "sample_efficiency": -0.000926173001062125,
  "training_efficiency": -6.568285607500002e-05,
  "stability": -1.4606976509094238
}