{
  "final_return_ma": 55.79999923706055,
  "strength": 33.94000244140625,
  "max_strength": 178.13999938964844,
  "final_strength": 10.139999389648438,
  "sample_efficiency": 0.001264805905520916,
  "training_efficiency": 2.9614897357532755e-05,
  "stability": 0.47761648893356323
}