{
  "final_return_ma": 44.20000076293945,
  "strength": 22.34000015258789,
  "max_strength": 57.13999938964844,
  "final_strength": -5.8600006103515625,
  "sample_efficiency": 0.001925621647387743,
  "training_efficiency": 5.136510662850924e-05,
  "stability": 0.6597749292850494
}