{
  "final_return_ma": 10.349999904632568,
  "strength": -11.510000705718994,
  "max_strength": -11.360000610351562,
  "final_strength": -11.360000610351562,
  "sample_efficiency": 0.0002971772992168553,
  "training_efficiency": 7.560572839793167e-06,
  "stability": 0.9977626635227352,
  "consistency": 1.131966776938257
}