{
  "final_return_ma": 9.5,
  "strength": -12.360000610351562,
  "max_strength": -11.860000610351562,
  "final_strength": -11.860000610351562,
  "sample_efficiency": 0.0003035670961253345,
  "training_efficiency": 7.725941941316705e-06,
  "stability": 0.991050654090941
}