{
  "final_return_ma": 11.0,
  "strength": -10.860000610351562,
  "max_strength": -10.860000610351562,
  "final_strength": -10.860000610351562,
  "sample_efficiency": 0.00029289681697264314,
  "training_efficiency": 7.449559234373737e-06,
  "stability": 1.0
}