{
  "final_return_ma": 10.899999618530273,
  "strength": -10.960000991821289,
  "max_strength": -10.860000610351562,
  "final_strength": -10.860000610351562,
  "sample_efficiency": 0.00029934849590063095,
  "training_efficiency": 7.61723140385584e-06,
  "stability": 1.0
}