{
  "final_return_ma": 130.85000038146973,
  "strength": 108.99000310897827,
  "max_strength": 146.63999938964844,
  "final_strength": 144.88999938964844,
  "sample_efficiency": 2.4993559691210976e-05,
  "training_efficiency": 2.0827968000958208e-05,
  "stability": 0.6961272833868861,
  "consistency": -0.4719919815968283
}