{
  "final_return_ma": 162.54999923706055,
  "strength": 140.68999862670898,
  "max_strength": 178.13999938964844,
  "final_strength": 135.13999938964844,
  "sample_efficiency": 2.3473719465982867e-05,
  "training_efficiency": 0.00012523872828751337,
  "stability": 0.8211146295070648,
  "consistency": 0.32580799239934666
}