{
  "final_return_ma": 147.5,
  "strength": 125.63999938964844,
  "max_strength": 178.13999938964844,
  "final_strength": 171.13999938964844,
  "sample_efficiency": 1.901651921798475e-05,
  "training_efficiency": 1.5847097529331222e-05,
  "stability": 0.7853049039840698
}