{
  "final_return_ma": 154.89999389648438,
  "strength": 133.04000854492188,
  "max_strength": 178.13999938964844,
  "final_strength": 178.13999938964844,
  "sample_efficiency": 3.0186984076863155e-05,
  "training_efficiency": 2.5155819457722828e-05,
  "stability": 0.7457171082496643
}