{
  "final_return_ma": 133.10000610351562,
  "strength": 111.24000549316406,
  "max_strength": 178.13999938964844,
  "final_strength": 178.13999938964844,
  "sample_efficiency": 1.750171031744685e-05,
  "training_efficiency": 1.4584758901037276e-05,
  "stability": 0.7388307452201843
}