{
  "final_return_ma": 109.30000305175781,
  "strength": 87.44000244140625,
  "max_strength": 178.13999938964844,
  "final_strength": 178.13999938964844,
  "sample_efficiency": 2.5587038180674426e-05,
  "training_efficiency": 2.1322533939382993e-05,
  "stability": 0.38241463899612427
}