{
  "final_return_ma": 131.6999969482422,
  "strength": 109.84000396728516,
  "max_strength": 178.13999938964844,
  "final_strength": 111.13999938964844,
  "sample_efficiency": 2.2861258912598714e-05,
  "training_efficiency": 1.9051049093832262e-05,
  "stability": 0.49557363986968994
}