{
  "final_return_ma": 18.0,
  "strength": -3.8600006103515625,
  "max_strength": 30.139999389648438,
  "final_strength": 3.1399993896484375,
  "sample_efficiency": 5.3887713875155896e-05,
  "training_efficiency": 4.490643186727539e-05,
  "stability": -0.2218494415283203
}