{
  "final_return_ma": 26.0,
  "strength": 4.1399993896484375,
  "max_strength": 31.139999389648438,
  "final_strength": -2.8600006103515625,
  "sample_efficiency": 9.16439967113547e-05,
  "training_efficiency": 7.637000089744106e-05,
  "stability": -1.2593767642974854
}