{
  "final_return_ma": 23.575000286102295,
  "strength": 1.7149991989135742,
  "max_strength": 35.88999938964844,
  "final_strength": -0.6100006103515625,
  "sample_efficiency": 3.022875489477883e-05,
  "training_efficiency": 2.5190628093696432e-05,
  "stability": -0.043670251965522766,
  "consistency": -18.80621597911636
}