{
  "final_return_ma": 30.0,
  "strength": 8.139999389648438,
  "max_strength": 30.139999389648438,
  "final_strength": -0.8600006103515625,
  "sample_efficiency": 5.691487604053691e-05,
  "training_efficiency": 4.742906094179489e-05,
  "stability": 0.13688302040100098
}