{
  "final_return_ma": 30.100000381469727,
  "strength": 8.239999771118164,
  "max_strength": 51.13999938964844,
  "final_strength": -5.8600006103515625,
  "sample_efficiency": 1.3066507563053165e-05,
  "training_efficiency": 1.088875433197245e-05,
  "stability": -0.1896669864654541
}