{
  "final_return_ma": 14.199999809265137,
  "strength": -7.660000801086426,
  "max_strength": -1.8600006103515625,
  "final_strength": -10.860000610351562,
  "sample_efficiency": 3.062790347030386e-05,
  "training_efficiency": 2.552325531723909e-05,
  "stability": 0.7870398759841919
}