{
  "final_return_ma": 95.4000015258789,
  "strength": 73.54000091552734,
  "max_strength": 178.13999938964844,
  "final_strength": -9.860000610351562,
  "sample_efficiency": 1.638107278267853e-05,
  "training_efficiency": 1.365089337923564e-05,
  "stability": 0.6793065667152405
}