{
  "final_return_ma": 64.84999895095825,
  "strength": 42.99000158905983,
  "max_strength": 140.63999938964844,
  "final_strength": 88.13999938964844,
  "sample_efficiency": 0.00016483011222589994,
  "training_efficiency": 0.00013735842685491662,
  "stability": -0.8541330695152283,
  "consistency": -2.2408896622437595
}