{
  "final_return_ma": 24.84999990463257,
  "strength": 2.989999532699585,
  "max_strength": 54.88999938964844,
  "final_strength": 0.1399993896484375,
  "sample_efficiency": 5.429858026673173e-05,
  "training_efficiency": 4.524881558154448e-05,
  "stability": -1.1113865375518799,
  "consistency": -8.692245981936448
}