{
  "final_return_ma": 15.199999809265137,
  "strength": -6.660000801086426,
  "max_strength": 15.139999389648438,
  "final_strength": 5.1399993896484375,
  "sample_efficiency": 3.9585214835824445e-05,
  "training_efficiency": 3.29876784235239e-05,
  "stability": 0.48424869775772095
}