{
  "final_return_ma": 22.5,
  "strength": 0.6399993896484375,
  "max_strength": 11.139999389648438,
  "final_strength": 6.1399993896484375,
  "sample_efficiency": 0.000168033002410084,
  "training_efficiency": 0.00014002750685904175,
  "stability": -145.1569366455078
}