{
  "final_return_ma": 187.10000610351562,
  "strength": 165.24000549316406,
  "max_strength": 178.13999938964844,
  "final_strength": 178.13999938964844,
  "sample_efficiency": 2.5974995878641494e-05,
  "training_efficiency": 0.0006143709179013968,
  "stability": 0.97218943759799
}