{
  "final_return_ma": 183.95000076293945,
  "strength": 162.0900001525879,
  "max_strength": 178.13999938964844,
  "final_strength": 133.63999938964844,
  "sample_efficiency": 2.728616618696833e-05,
  "training_efficiency": 0.0006009386852383614,
  "stability": 0.941192832775414,
  "consistency": 0.7412472409165162
}