{
  "final_return_ma": 174.6999969482422,
  "strength": 152.83999633789062,
  "max_strength": 178.13999938964844,
  "final_strength": 103.13999938964844,
  "sample_efficiency": 2.6352156055509113e-05,
  "training_efficiency": 0.00047334760893136263,
  "stability": 0.8940544202923775
}