{
  "final_return_ma": 187.3000030517578,
  "strength": 165.44000244140625,
  "max_strength": 178.13999938964844,
  "final_strength": 178.13999938964844,
  "sample_efficiency": 2.6158508262597024e-05,
  "training_efficiency": 0.0005955026135779917,
  "stability": 0.9830653145909309
}