{
  "final_return_ma": 176.8000030517578,
  "strength": 154.94000244140625,
  "max_strength": 178.13999938964844,
  "final_strength": 178.13999938964844,
  "sample_efficiency": 2.171376399928704e-05,
  "training_efficiency": 0.00039192146505229175,
  "stability": 0.9992707436904311
}