{
  "0": {
    "final_return_ma": 185.04999542236328,
    "strength": 163.19000244140625,
    "max_strength": 178.13999938964844,
    "final_strength": 178.13999938964844,
    "sample_efficiency": 2.6295347652194323e-05,
    "training_efficiency": 0.0005898234958294779,
    "stability": 0.9623120510950685,
    "consistency": 0.7453688421123497,
    "agent.0.algorithm.center_return": true
  },
  "1": {
    "final_return_ma": 164.07500076293945,
    "strength": 142.2150001525879,
    "max_strength": 178.13999938964844,
    "final_strength": 178.13999938964844,
    "sample_efficiency": 2.3236886136146495e-05,
    "training_efficiency": 0.00043109287071274593,
    "stability": 0.8993577843066305,
    "consistency": 0.5538139815504436,
    "agent.0.algorithm.center_return": false
  }
}