{
  "final_return_ma": 164.07500076293945,
  "strength": 142.2150001525879,
  "max_strength": 178.13999938964844,
  "final_strength": 178.13999938964844,
  "sample_efficiency": 2.3236886136146495e-05,
  "training_efficiency": 0.00043109287071274593,
  "stability": 0.8993577843066305,
  "consistency": 0.5538139815504436
}