{
  "final_return_ma": 157.0,
  "strength": 135.13999938964844,
  "max_strength": 178.13999938964844,
  "final_strength": 178.13999938964844,
  "sample_efficiency": 1.9769953723880462e-05,
  "training_efficiency": 0.0003473284305073321,
  "stability": 0.8832313418388367
}