{
  "final_return_ma": 194.6999969482422,
  "strength": 172.83999633789062,
  "max_strength": 178.13999938964844,
  "final_strength": 178.13999938964844,
  "sample_efficiency": 2.8500329790404066e-05,
  "training_efficiency": 0.0006177732138894498,
  "stability": 0.9916143100708723
}