{
  "final_return_ma": 181.6999969482422,
  "strength": 159.83999633789062,
  "max_strength": 178.13999938964844,
  "final_strength": 178.13999938964844,
  "sample_efficiency": 2.215338645328302e-05,
  "training_efficiency": 0.0005492924246937037,
  "stability": 0.9838057812303305
}