{
  "final_return_ma": 33.0,
  "strength": 11.139999389648438,
  "max_strength": 58.13999938964844,
  "final_strength": -12.860000610351562,
  "sample_efficiency": 0.0001433971629012376,
  "training_efficiency": 3.5978380310552893e-06,
  "stability": -0.5341401100158691
}