{
  "final_return_ma": 37.91666603088379,
  "strength": 16.056666374206543,
  "max_strength": 73.13999938964844,
  "final_strength": -12.610000610351562,
  "sample_efficiency": 0.00014484448911389336,
  "training_efficiency": 3.6341928080219077e-06,
  "stability": -0.5140904486179352,
  "consistency": -0.4818139428655417
}