epi,t,wall_t,opt_step,frame,fps,total_reward,total_reward_ma,loss,lr,explore_var,entropy_coef,entropy,grad_norm
0.0,0.0,0.0,0.0,0.0,0.0,,,,0.01,5.0,,,
200.0,55.0,1845.0,398720.0,10000.0,5.4200544,97.0,97.0,176987070.0,3e-06,0.5,,,
1169.0,4.0,3694.0,798720.0,20000.0,5.414185,9.0,53.0,102028840000000.0,-0.009997,0.5,,,
2240.0,5.0,5603.0,1198720.0,30000.0,5.3542743,9.0,38.333332,2.1864804e+16,-0.019997,0.5,,,
