epi,t,wall_t,opt_step,frame,fps,total_reward,total_reward_ma,loss,lr,explore_var,entropy_coef,entropy,grad_norm
0.0,0.0,0.0,0.0,0.0,0.0,,,,0.01,5.0,,,
95.0,67.0,1839.0,398720.0,10000.0,5.437738,142.0,142.0,82341670000.0,3e-06,0.5,,,
1027.0,8.0,3698.0,798720.0,20000.0,5.408329,9.0,75.5,68259836000000.0,-0.009997,0.5,,,
2101.0,2.0,5598.0,1198720.0,30000.0,5.359057,9.0,53.333332,8007416000000000.0,-0.019997,0.5,,,
