{
  "final_return_ma": 64.4166669845581,
  "strength": 42.55666542053223,
  "max_strength": 152.88999938964844,
  "final_strength": -12.610000610351562,
  "sample_efficiency": 0.00011164018906129058,
  "training_efficiency": 2.800343565922958e-06,
  "stability": -0.18355423212051392,
  "consistency": 0.6839916034230268
}