{
  "final_return_ma": 41.75,
  "strength": 19.88999915122986,
  "max_strength": 84.63999938964844,
  "final_strength": -12.610000610351562,
  "sample_efficiency": 0.00012635304119612556,
  "training_efficiency": 3.1698219800091465e-06,
  "stability": -0.3649525046348572,
  "consistency": 0.43111022205924354
}