{
  "final_return_ma": 43.66666793823242,
  "strength": 21.806665420532227,
  "max_strength": 89.13999938964844,
  "final_strength": -10.860000610351562,
  "sample_efficiency": 0.00012089575466234237,
  "training_efficiency": 3.0327880722325062e-06,
  "stability": -0.3371788263320923
}