{
  "final_return_ma": 48.0,
  "strength": 26.139999389648438,
  "max_strength": 104.13999938964844,
  "final_strength": -12.860000610351562,
  "sample_efficiency": 0.00011913202615687624,
  "training_efficiency": 2.9884843115723925e-06,
  "stability": -0.28177034854888916
}