{
  "final_return_ma": 63.33333206176758,
  "strength": 41.473331451416016,
  "max_strength": 148.13999938964844,
  "final_strength": -11.860000610351562,
  "sample_efficiency": 0.00011112093488918617,
  "training_efficiency": 2.7873034014191944e-06,
  "stability": -0.17405343055725098
}