epi,t,wall_t,opt_step,frame,fps,total_reward,total_reward_ma,loss,lr,explore_var,entropy_coef,entropy,grad_norm
0.0,0.0,0.0,0.0,0.0,0.0,,,,0.01,5.0,,,
99.0,72.0,36386.0,398720.0,10000.0,0.27483097,111.0,111.0,4.632714e+18,3e-06,0.5,,,
1115.0,2.0,70750.0,798720.0,20000.0,0.28268552,9.0,60.0,2.6684118e+21,-0.009997,0.5,,,
2183.0,5.0,96076.0,1198720.0,30000.0,0.3122528,11.0,43.666668,1.28450615e+23,-0.019997,0.5,,,
