epi,t,wall_t,opt_step,frame,fps,total_reward,total_reward_ma,loss,lr,explore_var,entropy_coef,entropy,grad_norm
0.0,0.0,0.0,0.0,0.0,0.0,,,,0.01,5.0,,,
97.0,50.0,36191.0,398720.0,10000.0,0.27631178,174.0,174.0,52166844000.0,3e-06,0.5,,,
1012.0,9.0,70870.0,798720.0,20000.0,0.28220686,9.0,91.5,13756966000000.0,-0.009997,0.5,,,
2086.0,6.0,96000.0,1198720.0,30000.0,0.3125,9.0,64.0,4141554600000000.0,-0.019997,0.5,,,
