{
  "final_return_ma": 137.10000610351562,
  "strength": 115.239990234375,
  "max_strength": 178.13999938964844,
  "final_strength": 122.13999938964844,
  "sample_efficiency": 0.0002868793089874089,
  "training_efficiency": 7.3389310273341835e-06,
  "stability": 0.9294438883662224
}