{
  "final_return_ma": 138.8000030517578,
  "strength": 116.93998718261719,
  "max_strength": 178.13999938964844,
  "final_strength": 125.13999938964844,
  "sample_efficiency": 0.00029414164600893855,
  "training_efficiency": 7.534481483162381e-06,
  "stability": 0.9344976171851158
}