{
  "final_return_ma": 99.6500015258789,
  "strength": 77.79000091552734,
  "max_strength": 178.13999938964844,
  "final_strength": 113.13999938964844,
  "sample_efficiency": 0.00039708297117613256,
  "training_efficiency": 1.0222805030934978e-05,
  "stability": 0.8190841972827911
}