{
  "final_return_ma": 126.9000015258789,
  "strength": 105.04000091552734,
  "max_strength": 164.13999938964844,
  "final_strength": 105.13999938964844,
  "sample_efficiency": 0.00029131403425708413,
  "training_efficiency": 7.401358743663877e-06,
  "stability": 0.9448803924024105
}