{
  "final_return_ma": 119.7125015258789,
  "strength": 97.85249710083008,
  "max_strength": 165.38999938964844,
  "final_strength": 108.88999938964844,
  "sample_efficiency": 0.0002944474508694839,
  "training_efficiency": 7.505978373956168e-06,
  "stability": 0.9044428998604417,
  "consistency": 0.22370100736307796
}