{
  "final_return_ma": 144.10000610351562,
  "strength": 122.239990234375,
  "max_strength": 178.13999938964844,
  "final_strength": 145.13999938964844,
  "sample_efficiency": 0.00032023704261519015,
  "training_efficiency": 8.184118996723555e-06,
  "stability": 0.871720165014267
}