{
  "final_return_ma": 145.81250381469727,
  "strength": 123.95248603820801,
  "max_strength": 178.13999938964844,
  "final_strength": 149.38999938964844,
  "sample_efficiency": 0.00029916416679043323,
  "training_efficiency": 7.659112725377781e-06,
  "stability": 0.8999760318547487,
  "consistency": 0.36382997833012354
}