{
  "final_return_ma": 159.10000610351562,
  "strength": 137.23997497558594,
  "max_strength": 178.13999938964844,
  "final_strength": 152.13999938964844,
  "sample_efficiency": 0.00033862143754959106,
  "training_efficiency": 8.69913765200181e-06,
  "stability": 0.9070452600717545
}