{
  "final_return_ma": 139.25,
  "strength": 117.3899917602539,
  "max_strength": 178.13999938964844,
  "final_strength": 178.13999938964844,
  "sample_efficiency": 0.0002195106353610754,
  "training_efficiency": 5.578168384090532e-06,
  "stability": 0.9092023596167564
}