{
  "final_return_ma": 106.35000038146973,
  "strength": 84.4900016784668,
  "max_strength": 166.38999938964844,
  "final_strength": 71.13999938964844,
  "sample_efficiency": 0.0003267318752477877,
  "training_efficiency": 8.34827824292006e-06,
  "stability": 0.7925256323069334,
  "consistency": -0.0006910430676012602
}