{
  "final_return_ma": 120.25,
  "strength": 98.38999938964844,
  "max_strength": 141.13999938964844,
  "final_strength": 105.13999938964844,
  "sample_efficiency": 0.0002722996869124472,
  "training_efficiency": 6.90557044435991e-06,
  "stability": 0.9441658705472946
}