{
  "final_return_ma": 112.05000305175781,
  "strength": 90.19000244140625,
  "max_strength": 178.13999938964844,
  "final_strength": 95.13999938964844,
  "sample_efficiency": 0.0003204208333045244,
  "training_efficiency": 8.190966582333203e-06,
  "stability": 0.88529022783041
}