{
  "final_return_ma": 101.44999694824219,
  "strength": 79.59000396728516,
  "max_strength": 163.13999938964844,
  "final_strength": 100.13999938964844,
  "sample_efficiency": 0.0003007960331160575,
  "training_efficiency": 7.64531250752043e-06,
  "stability": 0.8384350389242172
}