{
  "final_return_ma": 114.6500015258789,
  "strength": 92.79000091552734,
  "max_strength": 146.13999938964844,
  "final_strength": 99.13999938964844,
  "sample_efficiency": 0.00031776423566043377,
  "training_efficiency": 8.09581069916021e-06,
  "stability": 0.8628078252077103
}