{
  "final_return_ma": 140.28750228881836,
  "strength": 118.42748641967773,
  "max_strength": 178.13999938964844,
  "final_strength": 145.38999938964844,
  "sample_efficiency": 0.00024447342002531514,
  "training_efficiency": 6.21639253495232e-06,
  "stability": 0.9028757754713297,
  "consistency": 0.36899010264307464
}