{
  "final_return_ma": 146.35000610351562,
  "strength": 124.48997497558594,
  "max_strength": 178.13999938964844,
  "final_strength": 130.13999938964844,
  "sample_efficiency": 0.00026420672656968236,
  "training_efficiency": 6.709805347782094e-06,
  "stability": 0.8673537522554398
}