{
  "final_return_ma": 136.75,
  "strength": 114.8899917602539,
  "max_strength": 178.13999938964844,
  "final_strength": 148.13999938964844,
  "sample_efficiency": 0.00020003467216156423,
  "training_efficiency": 5.043114924774272e-06,
  "stability": 0.9004493728280067
}