{
  "final_return_ma": 142.9499969482422,
  "strength": 121.0899887084961,
  "max_strength": 178.13999938964844,
  "final_strength": 178.13999938964844,
  "sample_efficiency": 0.0002509188780095428,
  "training_efficiency": 6.4142632254515775e-06,
  "stability": 0.8916948139667511
}