{
  "final_return_ma": 132.0500030517578,
  "strength": 110.18998718261719,
  "max_strength": 178.13999938964844,
  "final_strength": 112.13999938964844,
  "sample_efficiency": 0.0002170931111322716,
  "training_efficiency": 5.494179276865907e-06,
  "stability": 0.9096411392092705
}