{
  "final_return_ma": 97.25,
  "strength": 75.38999938964844,
  "max_strength": 178.13999938964844,
  "final_strength": -9.860000610351562,
  "sample_efficiency": 0.00036794639891013503,
  "training_efficiency": 9.461023182666395e-06,
  "stability": 0.5835694372653961
}