{
  "final_return_ma": 9.825000047683716,
  "strength": -12.035000562667847,
  "max_strength": -11.110000610351562,
  "final_strength": -12.610000610351562,
  "sample_efficiency": 0.00028876971919089556,
  "training_efficiency": 7.343120273617387e-06,
  "stability": 0.9674351681023836,
  "consistency": 1.1787226625526894
}