{
  "final_return_ma": 23.02500009536743,
  "strength": 1.1649993658065796,
  "max_strength": 30.889999389648438,
  "final_strength": 2.8899993896484375,
  "sample_efficiency": 0.005002537087420933,
  "training_efficiency": 0.00015968435081958887,
  "stability": -1.3825258761644363,
  "consistency": -19.643600342635306
}