{
  "final_return_ma": 16.100000381469727,
  "strength": -5.760000705718994,
  "max_strength": -1.8600006103515625,
  "final_strength": -6.8600006103515625,
  "sample_efficiency": 2.765215867839288e-05,
  "training_efficiency": 2.30434652621625e-05,
  "stability": 0.5072921216487885
}