{
  "final_return_ma": 20.0,
  "strength": -1.8600006103515625,
  "max_strength": 10.139999389648438,
  "final_strength": -7.8600006103515625,
  "sample_efficiency": 1.731665361148771e-05,
  "training_efficiency": 1.4430544069909956e-05,
  "stability": -2.6312830448150635
}