{
  "final_return_ma": 21.0,
  "strength": -0.8600006103515625,
  "max_strength": 23.139999389648438,
  "final_strength": 4.1399993896484375,
  "sample_efficiency": 0.00014848948922008276,
  "training_efficiency": 0.00012374123616609722,
  "stability": -3.474095344543457
}