{
  "final_return_ma": 165.3000030517578,
  "strength": 143.44000244140625,
  "max_strength": 178.13999938964844,
  "final_strength": 178.13999938964844,
  "sample_efficiency": 2.3650403818464838e-05,
  "training_efficiency": 1.97086701518856e-05,
  "stability": 0.8376132398843765
}