{
  "final_return_ma": 23.100000381469727,
  "strength": 1.2399994134902954,
  "max_strength": 28.139999389648438,
  "final_strength": -4.8600006103515625,
  "sample_efficiency": 8.483854617225006e-05,
  "training_efficiency": 7.069878483889624e-05,
  "stability": -2.244497060775757
}