{
  "final_return_ma": 74.69999694824219,
  "strength": 52.840003967285156,
  "max_strength": 178.13999938964844,
  "final_strength": 1.1399993896484375,
  "sample_efficiency": 5.66086164326407e-05,
  "training_efficiency": 4.7173853090498596e-05,
  "stability": 0.24136102199554443
}