{
  "final_return_ma": 43.400001525878906,
  "strength": 21.53999900817871,
  "max_strength": 154.13999938964844,
  "final_strength": 3.1399993896484375,
  "sample_efficiency": 7.607208681292832e-05,
  "training_efficiency": 6.339339597616345e-05,
  "stability": 0.16611701250076294
}