{
  "final_return_ma": 32.20000076293945,
  "strength": 10.339999198913574,
  "max_strength": 85.13999938964844,
  "final_strength": -10.860000610351562,
  "sample_efficiency": 1.1060967153753154e-05,
  "training_efficiency": 9.217472324962728e-06,
  "stability": -0.7591458559036255
}