{
  "final_return_ma": 125.05000305175781,
  "strength": 103.19000244140625,
  "max_strength": 154.13999938964844,
  "final_strength": 129.13999938964844,
  "sample_efficiency": 0.0002569010539446026,
  "training_efficiency": 6.524698619614355e-06,
  "stability": 0.929703414440155
}