{
  "final_return_ma": 147.14999389648438,
  "strength": 125.28999328613281,
  "max_strength": 178.13999938964844,
  "final_strength": 161.13999938964844,
  "sample_efficiency": 0.00023521063849329948,
  "training_efficiency": 6.008310720062582e-06,
  "stability": 0.903184249997139
}