{
  "final_return_ma": 176.0,
  "strength": 154.13999938964844,
  "max_strength": 178.13999938964844,
  "final_strength": 178.13999938964844,
  "sample_efficiency": 2.3167232939158566e-05,
  "training_efficiency": 0.00012359811807982624,
  "stability": 0.9171104580163956
}