{
  "final_return_ma": 182.6999969482422,
  "strength": 160.83999633789062,
  "max_strength": 178.13999938964844,
  "final_strength": 178.13999938964844,
  "sample_efficiency": 2.1684056264348328e-05,
  "training_efficiency": 0.00011566843022592366,
  "stability": 1.0
}