{
  "final_return_ma": 162.0,
  "strength": 140.13999938964844,
  "max_strength": 178.13999938964844,
  "final_strength": 178.13999938964844,
  "sample_efficiency": 2.688797212613281e-05,
  "training_efficiency": 0.00014347516116686165,
  "stability": 0.7523012310266495
}