{
  "final_return_ma": 64.30000305175781,
  "strength": 42.439998626708984,
  "max_strength": 178.13999938964844,
  "final_strength": 178.13999938964844,
  "sample_efficiency": 0.0012549307430163026,
  "training_efficiency": 3.0155311833368614e-05,
  "stability": 0.9106635227799416
}