{
  "final_return_ma": 43.0,
  "strength": 21.139999389648438,
  "max_strength": 89.13999938964844,
  "final_strength": -12.860000610351562,
  "sample_efficiency": 0.00012365711154416203,
  "training_efficiency": 3.102121581832762e-06,
  "stability": -0.3371788263320923
}