epi,t,wall_t,opt_step,frame,fps,total_reward,total_reward_ma,loss,lr,explore_var,entropy_coef,entropy,grad_norm
0.0,0.0,0.0,0.0,0.0,0.0,,,,0.01,5.0,,,
109.0,75.0,36213.0,398720.0,10000.0,0.27614394,170.0,170.0,19533877000.0,3e-06,0.5,,,
1100.0,8.0,71435.0,798720.0,20000.0,0.2799748,10.0,90.0,3963815200000.0,-0.009997,0.5,,,
1967.0,9.0,96117.0,1198720.0,30000.0,0.3121196,10.0,63.333332,128293785000000.0,-0.019997,0.5,,,
