{
  "final_return_ma": 49.0,
  "strength": 27.139999389648438,
  "max_strength": 107.13999938964844,
  "final_strength": -12.860000610351562,
  "sample_efficiency": 0.00011842709500342607,
  "training_efficiency": 2.970781224576058e-06,
  "stability": -0.2728043794631958
}