epi,t,wall_t,opt_step,frame,fps,total_reward,total_reward_ma,loss,lr,explore_var,entropy_coef,entropy,grad_norm
0.0,0.0,0.0,0.0,0.0,0.0,,,,0.01,5.0,,,
66.0,72.0,36310.0,398720.0,10000.0,0.2754062,155.0,155.0,32762906.0,3e-06,0.5,,,
989.0,8.0,70820.0,798720.0,20000.0,0.2824061,9.0,82.0,18080439000000.0,-0.009997,0.5,,,
2045.0,9.0,95978.0,1198720.0,30000.0,0.31257164,10.0,58.0,1421256500000000.0,-0.019997,0.5,,,
