epi,t,wall_t,opt_step,frame,fps,total_reward,total_reward_ma,loss,lr,explore_var,entropy_coef,entropy,grad_norm
0.0,0.0,0.0,0.0,0.0,0.0,,,,0.01,5.0,,,
142.0,108.0,36275.0,398720.0,10000.0,0.27567196,125.0,125.0,8.25694e+16,3e-06,0.5,,,
1009.0,9.0,70586.0,798720.0,20000.0,0.2833423,9.0,67.0,6.366221e+21,-0.009997,0.5,,,
2081.0,1.0,95741.0,1198720.0,30000.0,0.31334537,10.0,48.0,6.945492e+22,-0.019997,0.5,,,
