{
  "final_return_ma": 48.083333015441895,
  "strength": 26.223332405090332,
  "max_strength": 103.88999938964844,
  "final_strength": -12.610000610351562,
  "sample_efficiency": 9.92322484307806e-05,
  "training_efficiency": 2.4887418703656294e-06,
  "stability": 0.03181168809533119,
  "consistency": -1.0619863347813698
}