epi,t,wall_t,opt_step,frame,fps,total_reward,total_reward_ma,loss,lr,explore_var,entropy_coef,entropy,grad_norm
0.0,0.0,0.0,0.0,0.0,0.0,,,,0.01,5.0,,,
168.0,35.0,36176.0,398720.0,10000.0,0.27642637,107.0,107.0,1191567300000000.0,3e-06,0.5,,,
1058.0,7.0,70830.0,798720.0,20000.0,0.28236622,10.0,58.5,3.7193333e+20,-0.009997,0.5,,,
2129.0,7.0,95719.0,1198720.0,30000.0,0.3134174,8.0,41.666668,1.0100812e+23,-0.019997,0.5,,,
