{
  "final_return_ma": 44.33333206176758,
  "strength": 22.47333335876465,
  "max_strength": 91.13999938964844,
  "final_strength": -11.860000610351562,
  "sample_efficiency": 0.00012052308738930151,
  "training_efficiency": 3.0234175483201398e-06,
  "stability": -0.29919278621673584
}