{
  "final_return_ma": 186.6999969482422,
  "strength": 164.83999633789062,
  "max_strength": 178.13999938964844,
  "final_strength": 75.13999938964844,
  "sample_efficiency": 3.065900455112569e-05,
  "training_efficiency": 0.0007205336005426943,
  "stability": 0.9154621586203575
}