epi,t,wall_t,opt_step,frame,fps,total_reward,total_reward_ma,loss,lr,explore_var,entropy_coef,entropy,grad_norm
0.0,0.0,0.0,0.0,0.0,0.0,,,,0.01,5.0,,,
241.0,9.0,1842.0,398720.0,10000.0,5.4288816,61.0,61.0,7514102000.0,3e-06,0.5,,,
1196.0,2.0,3711.0,798720.0,20000.0,5.389383,10.0,35.5,71253890000000.0,-0.009997,0.5,,,
2274.0,1.0,5605.0,1198720.0,30000.0,5.352364,10.0,27.0,1.0654177e+16,-0.019997,0.5,,,
