epi,t,wall_t,opt_step,frame,fps,total_reward,total_reward_ma,loss,lr,explore_var,entropy_coef,entropy,grad_norm
0.0,0.0,0.0,0.0,0.0,0.0,,,,0.01,5.0,,,
184.0,20.0,1845.0,398720.0,10000.0,5.4200544,80.0,80.0,33386724.0,3e-06,0.5,,,
1179.0,8.0,3706.0,798720.0,20000.0,5.396654,10.0,45.0,79417530000000.0,-0.009997,0.5,,,
2249.0,2.0,5606.0,1198720.0,30000.0,5.3514094,9.0,33.0,1.5562762e+16,-0.019997,0.5,,,
