{
  "final_return_ma": 27.0,
  "strength": 5.1399993896484375,
  "max_strength": 39.13999938964844,
  "final_strength": -11.860000610351562,
  "sample_efficiency": 0.00018973195983562618,
  "training_efficiency": 4.761444870382547e-06,
  "stability": -0.8695015907287598
}