{
  "final_return_ma": 53.33333206176758,
  "strength": 31.47333335876465,
  "max_strength": 120.13999938964844,
  "final_strength": -12.860000610351562,
  "sample_efficiency": 0.00011588999768719077,
  "training_efficiency": 2.9070677101117326e-06,
  "stability": -0.23974645137786865
}