{
  "final_return_ma": 38.33333206176758,
  "strength": 16.47333335876465,
  "max_strength": 75.13999938964844,
  "final_strength": -12.860000610351562,
  "sample_efficiency": 0.00013035883603151888,
  "training_efficiency": 3.2704206205380615e-06,
  "stability": -0.41297364234924316
}